[
{
    "model": "auth.permission",
    "pk": 1,
    "fields": {
        "name": "Can add log entry",
        "content_type": 1,
        "codename": "add_logentry"
    }
},
{
    "model": "auth.permission",
    "pk": 2,
    "fields": {
        "name": "Can change log entry",
        "content_type": 1,
        "codename": "change_logentry"
    }
},
{
    "model": "auth.permission",
    "pk": 3,
    "fields": {
        "name": "Can delete log entry",
        "content_type": 1,
        "codename": "delete_logentry"
    }
},
{
    "model": "auth.permission",
    "pk": 4,
    "fields": {
        "name": "Can view log entry",
        "content_type": 1,
        "codename": "view_logentry"
    }
},
{
    "model": "auth.permission",
    "pk": 5,
    "fields": {
        "name": "Can add permission",
        "content_type": 2,
        "codename": "add_permission"
    }
},
{
    "model": "auth.permission",
    "pk": 6,
    "fields": {
        "name": "Can change permission",
        "content_type": 2,
        "codename": "change_permission"
    }
},
{
    "model": "auth.permission",
    "pk": 7,
    "fields": {
        "name": "Can delete permission",
        "content_type": 2,
        "codename": "delete_permission"
    }
},
{
    "model": "auth.permission",
    "pk": 8,
    "fields": {
        "name": "Can view permission",
        "content_type": 2,
        "codename": "view_permission"
    }
},
{
    "model": "auth.permission",
    "pk": 9,
    "fields": {
        "name": "Can add group",
        "content_type": 3,
        "codename": "add_group"
    }
},
{
    "model": "auth.permission",
    "pk": 10,
    "fields": {
        "name": "Can change group",
        "content_type": 3,
        "codename": "change_group"
    }
},
{
    "model": "auth.permission",
    "pk": 11,
    "fields": {
        "name": "Can delete group",
        "content_type": 3,
        "codename": "delete_group"
    }
},
{
    "model": "auth.permission",
    "pk": 12,
    "fields": {
        "name": "Can view group",
        "content_type": 3,
        "codename": "view_group"
    }
},
{
    "model": "auth.permission",
    "pk": 13,
    "fields": {
        "name": "Can add user",
        "content_type": 4,
        "codename": "add_user"
    }
},
{
    "model": "auth.permission",
    "pk": 14,
    "fields": {
        "name": "Can change user",
        "content_type": 4,
        "codename": "change_user"
    }
},
{
    "model": "auth.permission",
    "pk": 15,
    "fields": {
        "name": "Can delete user",
        "content_type": 4,
        "codename": "delete_user"
    }
},
{
    "model": "auth.permission",
    "pk": 16,
    "fields": {
        "name": "Can view user",
        "content_type": 4,
        "codename": "view_user"
    }
},
{
    "model": "auth.permission",
    "pk": 17,
    "fields": {
        "name": "Can add content type",
        "content_type": 5,
        "codename": "add_contenttype"
    }
},
{
    "model": "auth.permission",
    "pk": 18,
    "fields": {
        "name": "Can change content type",
        "content_type": 5,
        "codename": "change_contenttype"
    }
},
{
    "model": "auth.permission",
    "pk": 19,
    "fields": {
        "name": "Can delete content type",
        "content_type": 5,
        "codename": "delete_contenttype"
    }
},
{
    "model": "auth.permission",
    "pk": 20,
    "fields": {
        "name": "Can view content type",
        "content_type": 5,
        "codename": "view_contenttype"
    }
},
{
    "model": "auth.permission",
    "pk": 21,
    "fields": {
        "name": "Can add session",
        "content_type": 6,
        "codename": "add_session"
    }
},
{
    "model": "auth.permission",
    "pk": 22,
    "fields": {
        "name": "Can change session",
        "content_type": 6,
        "codename": "change_session"
    }
},
{
    "model": "auth.permission",
    "pk": 23,
    "fields": {
        "name": "Can delete session",
        "content_type": 6,
        "codename": "delete_session"
    }
},
{
    "model": "auth.permission",
    "pk": 24,
    "fields": {
        "name": "Can view session",
        "content_type": 6,
        "codename": "view_session"
    }
},
{
    "model": "auth.permission",
    "pk": 25,
    "fields": {
        "name": "Can add پست",
        "content_type": 7,
        "codename": "add_post"
    }
},
{
    "model": "auth.permission",
    "pk": 26,
    "fields": {
        "name": "Can change پست",
        "content_type": 7,
        "codename": "change_post"
    }
},
{
    "model": "auth.permission",
    "pk": 27,
    "fields": {
        "name": "Can delete پست",
        "content_type": 7,
        "codename": "delete_post"
    }
},
{
    "model": "auth.permission",
    "pk": 28,
    "fields": {
        "name": "Can view پست",
        "content_type": 7,
        "codename": "view_post"
    }
},
{
    "model": "auth.permission",
    "pk": 29,
    "fields": {
        "name": "Can add تیکت",
        "content_type": 8,
        "codename": "add_ticket"
    }
},
{
    "model": "auth.permission",
    "pk": 30,
    "fields": {
        "name": "Can change تیکت",
        "content_type": 8,
        "codename": "change_ticket"
    }
},
{
    "model": "auth.permission",
    "pk": 31,
    "fields": {
        "name": "Can delete تیکت",
        "content_type": 8,
        "codename": "delete_ticket"
    }
},
{
    "model": "auth.permission",
    "pk": 32,
    "fields": {
        "name": "Can view تیکت",
        "content_type": 8,
        "codename": "view_ticket"
    }
},
{
    "model": "auth.permission",
    "pk": 33,
    "fields": {
        "name": "Can add دیدگاه",
        "content_type": 9,
        "codename": "add_comment"
    }
},
{
    "model": "auth.permission",
    "pk": 34,
    "fields": {
        "name": "Can change دیدگاه",
        "content_type": 9,
        "codename": "change_comment"
    }
},
{
    "model": "auth.permission",
    "pk": 35,
    "fields": {
        "name": "Can delete دیدگاه",
        "content_type": 9,
        "codename": "delete_comment"
    }
},
{
    "model": "auth.permission",
    "pk": 36,
    "fields": {
        "name": "Can view دیدگاه",
        "content_type": 9,
        "codename": "view_comment"
    }
},
{
    "model": "auth.user",
    "pk": 1,
    "fields": {
        "password": "pbkdf2_sha256$870000$VBuBXoCLDoDq3vraldzjMY$A/MCqacgtGSDa9YdRO+m01sGxdL2AvHARMscjP4+jCA=",
        "last_login": null,
        "is_superuser": false,
        "username": "reza",
        "first_name": "",
        "last_name": "",
        "email": "",
        "is_staff": false,
        "is_active": true,
        "date_joined": "2025-08-30T06:39:38.257Z",
        "groups": [],
        "user_permissions": []
    }
},
{
    "model": "auth.user",
    "pk": 2,
    "fields": {
        "password": "pbkdf2_sha256$870000$tOmKr14AFI3LqGGnOxgSwX$bG6zQouj41xdm8m3y+b8T65esNg3ub4LUZ3zjYlv1Ck=",
        "last_login": "2025-08-30T06:41:11.489Z",
        "is_superuser": true,
        "username": "admin",
        "first_name": "",
        "last_name": "",
        "email": "",
        "is_staff": true,
        "is_active": true,
        "date_joined": "2025-08-30T06:40:44.421Z",
        "groups": [],
        "user_permissions": []
    }
},
{
    "model": "contenttypes.contenttype",
    "pk": 1,
    "fields": {
        "app_label": "admin",
        "model": "logentry"
    }
},
{
    "model": "contenttypes.contenttype",
    "pk": 2,
    "fields": {
        "app_label": "auth",
        "model": "permission"
    }
},
{
    "model": "contenttypes.contenttype",
    "pk": 3,
    "fields": {
        "app_label": "auth",
        "model": "group"
    }
},
{
    "model": "contenttypes.contenttype",
    "pk": 4,
    "fields": {
        "app_label": "auth",
        "model": "user"
    }
},
{
    "model": "contenttypes.contenttype",
    "pk": 5,
    "fields": {
        "app_label": "contenttypes",
        "model": "contenttype"
    }
},
{
    "model": "contenttypes.contenttype",
    "pk": 6,
    "fields": {
        "app_label": "sessions",
        "model": "session"
    }
},
{
    "model": "contenttypes.contenttype",
    "pk": 7,
    "fields": {
        "app_label": "blog",
        "model": "post"
    }
},
{
    "model": "contenttypes.contenttype",
    "pk": 8,
    "fields": {
        "app_label": "blog",
        "model": "ticket"
    }
},
{
    "model": "contenttypes.contenttype",
    "pk": 9,
    "fields": {
        "app_label": "blog",
        "model": "comment"
    }
},
{
    "model": "sessions.session",
    "pk": "mmk9fbllj8crkeojzmlmg17o31f3a3i6",
    "fields": {
        "session_data": ".eJxVjDsOwjAQBe_iGln-xZulpOcM1q4_OIAcKU4qxN0hUgpo38y8lwi0rTVsPS9hSuIsjDj9bkzxkdsO0p3abZZxbusysdwVedAur3PKz8vh_h1U6vVbx8wYtYlGa7IFFXiEAVEbzJis8-xRuUID2DiyB1cc0AhsdQFW7I14fwDNzDcp:1usFGx:WuQIQFeFYXk7DvON2azmxumdIFqZF3AsZ7-U8cJBqzs",
        "expire_date": "2025-09-13T06:41:11.497Z"
    }
},
{
    "model": "blog.post",
    "pk": 1,
    "fields": {
        "status": "DF",
        "title": "لاستیک او مطالعه سلول متوسط سه.",
        "content": "صدا نگاه موفقیت. گذشته زرد قند دوباره طولانی علم. برابر کم می‌تواند طولانی تمام شنا را گام. ارزش هنر ارسال خود دارد محافظت.",
        "slug": "side-subject",
        "reading_time": 13,
        "created": "1404-06-08 10:09:38.490361+0330",
        "updated_at": "1404-06-08 10:09:38.490921+0330",
        "publish": "1404-06-08 10:09:38.489460+0330",
        "author": 1
    }
},
{
    "model": "blog.post",
    "pk": 2,
    "fields": {
        "status": "DF",
        "title": "شرکت بازی خاموش مردم رو.",
        "content": "هجاز محصول خانه. مناسب دست طبقه دره لذت حکم سوار هنر. کوچک باد پدر زن خانواده کار. شامل پاسخ محصول نمره خانم گردن پاسخ. ارائه تجارت بد خانم.",
        "slug": "compare-company",
        "reading_time": 3,
        "created": "1404-06-08 10:09:38.498236+0330",
        "updated_at": "1404-06-08 10:09:38.498424+0330",
        "publish": "1404-06-08 10:09:38.497930+0330",
        "author": 1
    }
},
{
    "model": "blog.post",
    "pk": 3,
    "fields": {
        "status": "RJ",
        "title": "برای بخش نهایی.",
        "content": "صندلی کمک کنند سمت. می‌توانید حل شاخه را روشن یک نظر. سطح شیشه‌ای چاپ.",
        "slug": "ball-mission-eight",
        "reading_time": 11,
        "created": "1404-06-08 10:09:38.504181+0330",
        "updated_at": "1404-06-08 10:09:38.504361+0330",
        "publish": "1404-06-08 10:09:38.503916+0330",
        "author": 1
    }
},
{
    "model": "blog.post",
    "pk": 4,
    "fields": {
        "status": "PB",
        "title": "زمین مقاله به.",
        "content": "خواب سنگین برادر دوم پر احساس. از مانند دست غنی. کل سگ لیست بلند.",
        "slug": "per-degree-never",
        "reading_time": 15,
        "created": "1404-06-08 10:09:38.510210+0330",
        "updated_at": "1404-06-08 10:09:38.510389+0330",
        "publish": "1404-06-08 10:09:38.509945+0330",
        "author": 1
    }
},
{
    "model": "blog.post",
    "pk": 5,
    "fields": {
        "status": "DF",
        "title": "مدت از نهایی صد.",
        "content": "دندانها علامت جمع شاد اشتباه آتش زرد. جداگانه زمستان زمان درمورد. احساس هواپیما ورزش دوباره پسوند دم بینی. ساحل برف ساحل. ضخامت انرژی پسوند. خاکستری بودن جنگل ضخامت.",
        "slug": "son-key-happen",
        "reading_time": 10,
        "created": "1404-06-08 10:09:38.516299+0330",
        "updated_at": "1404-06-08 10:09:38.516477+0330",
        "publish": "1404-06-08 10:09:38.516030+0330",
        "author": 1
    }
},
{
    "model": "blog.post",
    "pk": 6,
    "fields": {
        "status": "DF",
        "title": "گاز نمک معین.",
        "content": "عرضه تصویر با چربی دریافت. قانون خون بازی طبیعی ورزش هردو. باغ منظور همچنین. مرگ را کارت کمترین. سنگین علامت خشم شرایط فروشگاه کشیدن سر. عبارت آمده روشن بازدید کاپیتان تر.",
        "slug": "player-attention",
        "reading_time": 15,
        "created": "1404-06-08 10:09:38.522303+0330",
        "updated_at": "1404-06-08 10:09:38.522504+0330",
        "publish": "1404-06-08 10:09:38.522043+0330",
        "author": 1
    }
},
{
    "model": "blog.post",
    "pk": 7,
    "fields": {
        "status": "PB",
        "title": "شستشو اعشاری کلاس.",
        "content": "گربه برده پیشنهاد خانه سمت منطقه ترس. هوا قرن غالبا حکومت عمل رقص تمام. تکرار نور روشن اضافه تشکر شارژ بازار. روشن بنابراین زیبایی شخصیت افزایش.",
        "slug": "successful-support",
        "reading_time": 13,
        "created": "1404-06-08 10:09:38.528417+0330",
        "updated_at": "1404-06-08 10:09:38.528596+0330",
        "publish": "1404-06-08 10:09:38.528159+0330",
        "author": 1
    }
},
{
    "model": "blog.post",
    "pk": 8,
    "fields": {
        "status": "PB",
        "title": "بد شکار شیر.",
        "content": "ارائه فشار گذشته دوره سرگرم توپ. توسط مراقبت پسوند شیشه‌ای قطار اواخر را. پایان برف عنوان دقیق. صندلی داستان بیابان خوب برخی بیابان. موضوع مایل پا ماه حزب دوستان شعر. نوع سهم باید غرب دو لطفا دشمن.",
        "slug": "environmental",
        "reading_time": 13,
        "created": "1404-06-08 10:09:38.534316+0330",
        "updated_at": "1404-06-08 10:09:38.534493+0330",
        "publish": "1404-06-08 10:09:38.534059+0330",
        "author": 1
    }
},
{
    "model": "blog.post",
    "pk": 9,
    "fields": {
        "status": "RJ",
        "title": "درست خاکستری سخنرانی.",
        "content": "ابزار قانون داستان زیبایی. اکسیژن رایت محل طبقه. کلاه می‌کند چینی سخنرانی گوشت. استفاده طبیعت طول صدا مالیدن بپرسید ضرب. توافق من باور هنوز حلقه می‌خواهم ترس. ایستادن عجله‌ای بند لوله علم.",
        "slug": "room-start",
        "reading_time": 5,
        "created": "1404-06-08 10:09:38.540311+0330",
        "updated_at": "1404-06-08 10:09:38.540485+0330",
        "publish": "1404-06-08 10:09:38.540055+0330",
        "author": 1
    }
},
{
    "model": "blog.post",
    "pk": 10,
    "fields": {
        "status": "RJ",
        "title": "اماده چوب توسط پایان هر خود.",
        "content": "قدرت واقعی شستشو فروشگاه ضربه پنجره. هیچ بازدید شان سیاره نمره سیستم. زن هفته در طولانی زندگی. بررسی کنترل پوند ملاقات توسعه حمل لبه زندگی. حلقه آن بپرسید انتظار مایل.",
        "slug": "action-choose-book",
        "reading_time": 7,
        "created": "1404-06-08 10:09:38.546269+0330",
        "updated_at": "1404-06-08 10:09:38.546448+0330",
        "publish": "1404-06-08 10:09:38.545997+0330",
        "author": 1
    }
},
{
    "model": "blog.post",
    "pk": 11,
    "fields": {
        "status": "PB",
        "title": "ایجاد حیوانات اثر آسمان.",
        "content": "پادشاه کمتر خون رسیدن دوباره سوم. جستجو قاره بخار دقیق عمیق. آفتاب گسترش صنعت. اصلی بسیار موتور یادگیری عنوان اقیانوس نمودار کشتی. می‌توانید تماشای حال جداگانه قرار ارسال. دایره احساس گربه ضرب فصل پیشنهاد.",
        "slug": "teach-common-large",
        "reading_time": 4,
        "created": "1404-06-08 10:09:38.552365+0330",
        "updated_at": "1404-06-08 10:09:38.552562+0330",
        "publish": "1404-06-08 10:09:38.552106+0330",
        "author": 1
    }
},
{
    "model": "blog.post",
    "pk": 12,
    "fields": {
        "status": "DF",
        "title": "گرفتار عضویت درایو.",
        "content": "ضربه کودکان خانه. نقطه این‌ها دشمن رنگ آفتاب پشتیبانی کاملا. بند یا رادیو آبی. سر کار درست رول. خانه ضخامت ریشه دست ارائه شهر انسانی.",
        "slug": "goal-answer",
        "reading_time": 9,
        "created": "1404-06-08 10:09:38.558327+0330",
        "updated_at": "1404-06-08 10:09:38.558521+0330",
        "publish": "1404-06-08 10:09:38.558066+0330",
        "author": 1
    }
},
{
    "model": "blog.post",
    "pk": 13,
    "fields": {
        "status": "PB",
        "title": "پنج نامه استراحت در.",
        "content": "موتور می‌تواند کمتر کند. ساخت رنگ مطرح کتاب او اینجا پا درخت. سیم دفتر مادر دست آماده محصول. جا از کشور طبیعی.",
        "slug": "lose-just-provide",
        "reading_time": 13,
        "created": "1404-06-08 10:09:38.564220+0330",
        "updated_at": "1404-06-08 10:09:38.564396+0330",
        "publish": "1404-06-08 10:09:38.563965+0330",
        "author": 1
    }
},
{
    "model": "blog.post",
    "pk": 14,
    "fields": {
        "status": "PB",
        "title": "خاص عنصر کار.",
        "content": "هیچ هر روند قراردادن. اماده سرگرم نفت شمال. خانه کم پنجره جدول دربرابر ساعت دختر. کوچک لازم پسر فقط هواپیما.",
        "slug": "of-develop-kid",
        "reading_time": 4,
        "created": "1404-06-08 10:09:38.570194+0330",
        "updated_at": "1404-06-08 10:09:38.570377+0330",
        "publish": "1404-06-08 10:09:38.569924+0330",
        "author": 1
    }
},
{
    "model": "blog.post",
    "pk": 15,
    "fields": {
        "status": "PB",
        "title": "می‌دانم قطعه کپی لازم چگونه.",
        "content": "مردم خوشحالم قراردادن تصویر ایده. پرواز گل مانند انگشت ارسال جوان هر. بلند محل نیروی مشاهده اتاق تازه ورزش جعبه. لوله نه صندلی در مخلوط خاکستری تنها.",
        "slug": "accept-thank-build",
        "reading_time": 7,
        "created": "1404-06-08 10:09:38.576349+0330",
        "updated_at": "1404-06-08 10:09:38.576526+0330",
        "publish": "1404-06-08 10:09:38.576081+0330",
        "author": 1
    }
},
{
    "model": "blog.ticket",
    "pk": 1,
    "fields": {
        "message": "نهایی ورزش فعل عبارت افزایش. شمال دربرابر محافظت کشور حزب.",
        "name": "جناب آقای دکتر عرشیا ربانی",
        "email": "myrmhmd56@example.com",
        "phone": "23480704168",
        "subject": "تعجب سرگرم.",
        "created_at": "1404-06-08 10:09:38.582519+0330"
    }
},
{
    "model": "blog.ticket",
    "pk": 2,
    "fields": {
        "message": "رادیو بخش قرن شرایط دریافت تنها.",
        "name": "اسما کرمانی",
        "email": "wthqmhdy@example.org",
        "phone": "74459258977",
        "subject": "ذرت بازی خاکستری فریاد اوایل.",
        "created_at": "1404-06-08 10:09:38.588443+0330"
    }
},
{
    "model": "blog.ticket",
    "pk": 3,
    "fields": {
        "message": "توسط را بازدید نظر مربع مقیاس. پرنده عمیق از ما.",
        "name": "احسان عقیلی",
        "email": "hnrybs@example.net",
        "phone": "89035013757",
        "subject": "دور آسمان خود خانه.",
        "created_at": "1404-06-08 10:09:38.593815+0330"
    }
},
{
    "model": "blog.ticket",
    "pk": 4,
    "fields": {
        "message": "پیشنهاد مو هزینه گرم نقره‌ای هر لاستیک. شرایط مشغول کلمه مربع مهارت. دره تحریک برق تکرار.",
        "name": "نيايش جنتی",
        "email": "chngyzymhdys@example.org",
        "phone": "59382874911",
        "subject": "زیبایی سخنرانی ماشین می‌کند کفش.",
        "created_at": "1404-06-08 10:09:38.599321+0330"
    }
},
{
    "model": "blog.ticket",
    "pk": 5,
    "fields": {
        "message": "شب مرگ بانک رئیس محصول باید رهبری. مطالعه مدرسه طبیعت برق.",
        "name": "سرکار خانم دکتر الناز ضرغامی",
        "email": "csnyy@example.net",
        "phone": "59871903707",
        "subject": "مرگ مشکل اجازه.",
        "created_at": "1404-06-08 10:09:38.604719+0330"
    }
},
{
    "model": "blog.ticket",
    "pk": 6,
    "fields": {
        "message": "محصول مطمئن مشترک خانه غنی پا اولین تمیز. محصول تاریک تعداد فروش کوارت نظر شستشو سوراخ.",
        "name": "پرهام ربانی",
        "email": "nyysh65@example.net",
        "phone": "51158302665",
        "subject": "اشتباه عمل ماهی.",
        "created_at": "1404-06-08 10:09:38.610047+0330"
    }
},
{
    "model": "blog.ticket",
    "pk": 7,
    "fields": {
        "message": "شرایط فلز بعدی گوشه.",
        "name": "مهدیه منصوری",
        "email": "zrftmh@example.org",
        "phone": "18354514297",
        "subject": "خانم او مطمئن.",
        "created_at": "1404-06-08 10:09:38.615340+0330"
    }
},
{
    "model": "blog.ticket",
    "pk": 8,
    "fields": {
        "message": "پایین من قلب سلول یا برنامه. معین حرکت اختراع کودکان شانس عادلانه. اضافه کامل روز ورق پوست.",
        "name": "اسما شاکری",
        "email": "smyrhmdny@example.org",
        "phone": "51062924892",
        "subject": "ملایم حرکت عادلانه بود.",
        "created_at": "1404-06-08 10:09:38.620735+0330"
    }
},
{
    "model": "blog.ticket",
    "pk": 9,
    "fields": {
        "message": "خوراک باور معدن اجرا موسیقی پیش حوزه. دولت نظر گذشته معدن.",
        "name": "زهرا دادفر",
        "email": "mwswybrn@example.com",
        "phone": "10379193366",
        "subject": "حرکت روند متوسط.",
        "created_at": "1404-06-08 10:09:38.626167+0330"
    }
},
{
    "model": "blog.ticket",
    "pk": 10,
    "fields": {
        "message": "طراحی نوع دوستان سرمایه ایستادن. در‌نظر خفاش خواهر بالابردن جریان.",
        "name": "عرفان فرجی",
        "email": "nznyn00@example.com",
        "phone": "86010250178",
        "subject": "ساده حزب نمد آن.",
        "created_at": "1404-06-08 10:09:38.631578+0330"
    }
},
{
    "model": "blog.comment",
    "pk": 1,
    "fields": {
        "post": 5,
        "name": "احسان زارعی",
        "email": "artyn95@example.org",
        "content": "معروف دارند قانون به انجام. شکل انجیر برای بخش سنگ.",
        "created_at": "1404-06-08 10:09:38.637185+0330",
        "update_at": "1404-06-08 10:09:38.637361+0330",
        "is_active": true
    }
},
{
    "model": "blog.comment",
    "pk": 2,
    "fields": {
        "post": 3,
        "name": "رها سعیدی",
        "email": "zrayd@example.com",
        "content": "دور ماه هنوز دو اساسی.",
        "created_at": "1404-06-08 10:09:38.644769+0330",
        "update_at": "1404-06-08 10:09:38.645019+0330",
        "is_active": false
    }
},
{
    "model": "blog.comment",
    "pk": 3,
    "fields": {
        "post": 15,
        "name": "سرکار خانم دکتر پرنيا سعیدی",
        "email": "qylyth@example.com",
        "content": "داغ سریع رنگ ما گرفتار گاز عادلانه کارخانه.",
        "created_at": "1404-06-08 10:09:38.651245+0330",
        "update_at": "1404-06-08 10:09:38.651415+0330",
        "is_active": false
    }
},
{
    "model": "blog.comment",
    "pk": 4,
    "fields": {
        "post": 6,
        "name": "فاطمه ملکیان",
        "email": "mydhlyjny@example.org",
        "content": "ابزار سرباز قطار مدت پسر کوه بزودی.",
        "created_at": "1404-06-08 10:09:38.658030+0330",
        "update_at": "1404-06-08 10:09:38.658286+0330",
        "is_active": false
    }
},
{
    "model": "blog.comment",
    "pk": 5,
    "fields": {
        "post": 13,
        "name": "پرنيا شادروان",
        "email": "pwynsryn@example.org",
        "content": "پنجره نمک کارخانه. حکم شب زمین پایین.",
        "created_at": "1404-06-08 10:09:38.665307+0330",
        "update_at": "1404-06-08 10:09:38.665500+0330",
        "is_active": false
    }
},
{
    "model": "blog.comment",
    "pk": 6,
    "fields": {
        "post": 14,
        "name": "كیانا رفیعی",
        "email": "shmshyrymyrmhdy@example.com",
        "content": "ما دوستان گذشته.",
        "created_at": "1404-06-08 10:09:38.671678+0330",
        "update_at": "1404-06-08 10:09:38.671874+0330",
        "is_active": true
    }
},
{
    "model": "blog.comment",
    "pk": 7,
    "fields": {
        "post": 5,
        "name": "فاطمه رسولی",
        "email": "hshmshyry@example.net",
        "content": "بزرگ شرق ادعا کوه ملاقات باید فریاد.",
        "created_at": "1404-06-08 10:09:38.678552+0330",
        "update_at": "1404-06-08 10:09:38.678801+0330",
        "is_active": true
    }
},
{
    "model": "blog.comment",
    "pk": 8,
    "fields": {
        "post": 9,
        "name": "اسما پارسا",
        "email": "sbhntlwy@example.net",
        "content": "آفتاب آموزش ناگهانی ارائه. زمستان بزرگ تغییر رئیس گاو تمیز.",
        "created_at": "1404-06-08 10:09:38.684506+0330",
        "update_at": "1404-06-08 10:09:38.684687+0330",
        "is_active": true
    }
},
{
    "model": "blog.comment",
    "pk": 9,
    "fields": {
        "post": 6,
        "name": "علي جنتی",
        "email": "zrymhdy@example.net",
        "content": "پنبه مستقیم باغ پادشاه.",
        "created_at": "1404-06-08 10:09:38.690393+0330",
        "update_at": "1404-06-08 10:09:38.690590+0330",
        "is_active": false
    }
},
{
    "model": "blog.comment",
    "pk": 10,
    "fields": {
        "post": 1,
        "name": "حسام هاشمی",
        "email": "fthsyny@example.org",
        "content": "علت نیم تغییر متفاوت هفت در.",
        "created_at": "1404-06-08 10:09:38.697127+0330",
        "update_at": "1404-06-08 10:09:38.697303+0330",
        "is_active": true
    }
},
{
    "model": "blog.comment",
    "pk": 11,
    "fields": {
        "post": 13,
        "name": "کوثر یزدی",
        "email": "nznyn-zhr78@example.org",
        "content": "مقایسه صعود برابر قراردادن قرمز کم زیادی. دشوار زندگی نقشه همسایه دنبال بررسی.",
        "created_at": "1404-06-08 10:09:38.702764+0330",
        "update_at": "1404-06-08 10:09:38.702940+0330",
        "is_active": false
    }
},
{
    "model": "blog.comment",
    "pk": 12,
    "fields": {
        "post": 3,
        "name": "جناب آقای دکتر محمدپارسا سمسار",
        "email": "styshbhmny@example.net",
        "content": "صدای تحمل کار.",
        "created_at": "1404-06-08 10:09:38.708606+0330",
        "update_at": "1404-06-08 10:09:38.708826+0330",
        "is_active": false
    }
},
{
    "model": "blog.comment",
    "pk": 13,
    "fields": {
        "post": 3,
        "name": "ابوالفضل زارعی",
        "email": "pry04@example.org",
        "content": "مستقیم محل همسایه در خشک ترک. شی طولانی کند.",
        "created_at": "1404-06-08 10:09:38.714760+0330",
        "update_at": "1404-06-08 10:09:38.714935+0330",
        "is_active": true
    }
},
{
    "model": "blog.comment",
    "pk": 14,
    "fields": {
        "post": 8,
        "name": "نازنین نوروزی",
        "email": "hmydymhdys@example.net",
        "content": "محافظت خوب تجارت تازه روز.",
        "created_at": "1404-06-08 10:09:38.720282+0330",
        "update_at": "1404-06-08 10:09:38.720458+0330",
        "is_active": false
    }
},
{
    "model": "blog.comment",
    "pk": 15,
    "fields": {
        "post": 1,
        "name": "جناب آقای دکتر محمد جهانی",
        "email": "mhdys84@example.org",
        "content": "طولانی نزدیک عادلانه که. تازه نفت تحریک از استراحت.",
        "created_at": "1404-06-08 10:09:38.726149+0330",
        "update_at": "1404-06-08 10:09:38.726351+0330",
        "is_active": false
    }
}
]
